Product Name,Price,Feature
HP Pavilion Core i5 11th Gen - (16 GB/512 GB SSD/Windows 10 Home) 14-dv0054TU Thin and Light Laptop,"₹65,990","Intel Core i5 Processor (11th Gen)16 GB DDR4 RAM64 bit Windows 10 Operating System512 GB SSD35.56 cm (14 inch) DisplayMicrosoft Office Home and Student 2019, HP Documentation, HP Smart, HP BIOS Recovery, HP Support Assistant, Dropbox1 Year Onsite Warranty"
HP Pavilion Ryzen 7 Octa Core 5800H - (16 GB/512 GB SSD/Windows 10 Home/4 GB Graphics/NVIDIA GeForce R...,"₹89,990","AMD Ryzen 7 Octa Core Processor16 GB DDR4 RAM64 bit Windows 10 Operating System512 GB SSD39.62 cm (15.6 inches) DisplayHP Documentation, HP e-service, HP BIOS recovery, HP SSRM, HP Smart, HP Jumpstarts1 Year Onsite Warranty"
HP Pavilion Core i7 11th Gen - (16 GB/1 TB SSD/Windows 10 Home) 14-dv0058TU Thin and Light Laptop,"₹84,390","Intel Core i7 Processor (11th Gen)16 GB DDR4 RAM64 bit Windows 10 Operating System1 TB SSD35.56 cm (14 inch) DisplayMicrosoft Office Home and Student 2019, HP Documentation, HP Smart, HP BIOS Recovery, HP Support Assistant1 Year Onsite Warranty"
HP Pavilion Core i5 11th Gen - (16 GB/512 GB SSD/Windows 10 Home/2 GB Graphics) 14-dv0084TX Thin and L...,"₹70,990","Intel Core i5 Processor (11th Gen)16 GB DDR4 RAM64 bit Windows 10 Operating System512 GB SSD35.56 cm (14 inch) DisplayMicrosoft Office Home & Student 2019, HP Documentation, HP BIOS Recovery, HP Smart1 Year Onsite Warranty"
HP Pavilion Core i5 11th Gen - (16 GB/512 GB SSD/Windows 10 Home) 13-bb0075TU Thin and Light Laptop,"₹65,990","Intel Core i5 Processor (11th Gen)16 GB DDR4 RAM64 bit Windows 10 Operating System512 GB SSD33.78 cm (13.3 inch) DisplayMicrosoft Office Home and Student 2019, HP Documentation, HP Smart, HP Support Assistant, HP BIOS Recovery1 Year Onsite Warranty"
HP Pavilion Core i7 9th Gen - (8 GB/1 TB HDD/256 GB SSD/Windows 10 Home/4 GB Graphics/NVIDIA GeForce G...,"₹99,000","Intel Core i7 Processor (9th Gen)8 GB DDR4 RAM64 bit Windows 10 Operating System1 TB HDD|256 GB SSD39.62 cm (15.6 inch) DisplayHP Audio Switch, HP JumpStart, HP Support Assistant, Microsoft Office Home and Student 20191 Year Onsite Warranty"
HP Pavilion Core i5 11th Gen - (16 GB/512 GB SSD/Windows 10 Home) 14-dv0053TU Thin and Light Laptop,"₹75,900","Intel Core i5 Processor (11th Gen)16 GB DDR4 RAM64 bit Windows 10 Operating System512 GB SSD35.56 cm (14 inch) DisplayMicrosoft Office Home and Student 2019, HP Documentation, HP Smart, HP BIOS Recovery, HP Support Assistant1 Year Onsite Warranty"
HP Pavilion Core i7 9th Gen - (12 GB/1 TB HDD/512 GB SSD/Windows 10 Home/4 GB Graphics/NVIDIA GeForce ...,"₹1,22,000","Intel Core i7 Processor (9th Gen)12 GB DDR4 RAM64 bit Windows 10 Operating System1 TB HDD|512 GB SSD39.62 cm (15.6 inch) DisplayHP Audio Switch, HP JumpStart, HP Support Assistant, Microsoft Office Home and Student 20191 Year Onsite Warranty"
HP Pavilion Core i3 7th Gen - (8 GB/1 TB HDD/Windows 10 Home/2 GB Graphics) da0435tx Laptop,"₹50,922",Intel Core i3 Processor (7th Gen)8 GB DDR4 RAM64 bit Windows 10 Operating System1 TB HDD39.62 cm (15.6 inch) Display1 Year Manufacturer Warranty
HP Pavilion Core i5 10th Gen - (8 GB + 32 GB Optane/512 GB SSD/Windows 10 Home/4 GB Graphics/NVIDIA Ge...,"₹69,890","Intel Core i5 Processor (10th Gen)8 GB DDR4 RAM64 bit Windows 10 Operating System512 GB SSD39.62 cm (15.6 inch) DisplayHP Documentation, HP E-Service, HP BIOS Recovery, HP SSRM, HP Smart, HP Jumpstarts1 Year Onsite Warranty"
HP Pavilion Gaming Ryzen 7 Octa Core 4800H - (16 GB/1 TB HDD/256 GB SSD/Windows 10 Home/4 GB Graphics/...,"₹80,990","AMD Ryzen 7 Octa Core Processor16 GB DDR4 RAM64 bit Windows 10 Operating System1 TB HDD|256 GB SSD39.62 cm (15.6 inch) DisplayMicrosoft Office 2019 Home and Student, HP Documentation, HP e-service, HP BIOS Recovery, HP SSRM, HP Smart, HP Jumpstarts, Dropbox, HP Audio Switch, HP Audio Boost1 Year Onsite Warranty"
HP Pavilion Gaming Ryzen 5 Quad Core 3550H - (8 GB/512 GB SSD/Windows 10 Home/4 GB Graphics/NVIDIA GeF...,"₹54,990",AMD Ryzen 5 Quad Core Processor8 GB DDR4 RAM64 bit Windows 10 Operating System512 GB SSD39.62 cm (15.6 inch) Display1 Year Onsite Warranty
HP Pavilion Gaming Ryzen 5 Quad Core 3550H - (8 GB/1 TB HDD/Windows 10 Home/4 GB Graphics/NVIDIA GeFor...,"₹50,990",AMD Ryzen 5 Quad Core Processor8 GB DDR4 RAM64 bit Windows 10 Operating System1 TB HDD39.62 cm (15.6 inch) Display1 Year Onsite Warranty
HP Pavilion Gaming Ryzen 5 Hexa Core 4600H - (8 GB/1 TB HDD/256 GB SSD/Windows 10 Home/4 GB Graphics/N...,"₹75,290","AMD Ryzen 5 Hexa Core Processor8 GB DDR4 RAM64 bit Windows 10 Operating System1 TB HDD|256 GB SSD39.62 cm (15.6 inch) DisplayHP Documentation, HP e-service, HP BIOS Recovery, HP Smart, HP Jumpstarts, HP Audio Switch, HP Audio Boost, HP Support Assistant, HP SSRM, Dropbox1 Year Onsite Warranty"
HP Pavilion Gaming Ryzen 5 Hexa Core 4600H - (8 GB/1 TB HDD/Windows 10 Home/4 GB Graphics/NVIDIA GeFor...,"₹56,990","AMD Ryzen 5 Hexa Core Processor8 GB DDR4 RAM64 bit Windows 10 Operating System1 TB HDD39.62 cm (15.6 inch) DisplayHP Documentation, HP e-service, HP BIOS Recovery, HP Smart, HP Jumpstarts, HP Audio Switch, HP Audio Boost, HP Support Assistant, HP SSRM, Dropbox1 Year Onsite Warranty"
HP Pavilion Gaming Ryzen 5 Quad Core 3550H - (8 GB/1 TB HDD/Windows 10 Home/4 GB Graphics/NVIDIA GeFor...,"₹59,990","AMD Ryzen 5 Quad Core Processor8 GB DDR4 RAM64 bit Windows 10 Operating System1 TB HDD39.62 cm (15.6 inch) DisplayHP Documentation, HP e-service, HP BIOS Recovery, HP Smart, HP Jumpstarts, HP Audio Switch, HP Audio Boost, HP Support Assistant, HP SSRM, Dropbox1 Year Onsite Warranty"
HP Pavilion Gaming Core i5 10th Gen - (8 GB/1 TB HDD/256 GB SSD/Windows 10 Home/4 GB Graphics/NVIDIA G...,"₹93,400","Intel Core i5 Processor (10th Gen)8 GB DDR4 RAM64 bit Windows 10 Operating System1 TB HDD|256 GB SSD40.89 cm (16.1 inch) DisplayHP Support Assistant, HP Audio Boost, HP Audio Switch, HP Documentation, HP e-service, HP BIOS Recovery, HP SSRM, HP Jumpstarts, Microsoft Office Home and Student 20191 Year Onsite Warranty"
HP Pavilion x360 Core i3 11th Gen - (8 GB/256 GB SSD/Windows 10 Home) 14-dw1036TU 2 in 1 Laptop,"₹49,490","Intel Core i3 Processor (11th Gen)8 GB DDR4 RAM64 bit Windows 10 Operating System256 GB SSD35.56 cm (14 inch) Touchscreen DisplayMicrosoft Office Home and Student 2019, HP Documentation, HP Audio Switch, HP ePrint, Dropbox, HP Connection Optimizer, HP Support Assistant, HP Recovery Manager, HP System Event Utility, HP Jumpstart1 Year Onsite Warranty"
HP Pavilion x360 Core i3 10th Gen - (8 GB/512 GB SSD/Windows 10 Home) 14-dh1178TU 2 in 1 Laptop,"₹50,990","Intel Core i3 Processor (10th Gen)8 GB DDR4 RAM64 bit Windows 10 Operating System512 GB SSD35.56 cm (14 inch) Touchscreen DisplayMicrosoft Office Home and Student 2019, HP Audio Switch, HP ePrint, HP Connection Optimizer, HP Support Assistant, HP Recovery Manager, HP Documentation, HP System Event Utility, HP Jumpstart, Built-in Alexa1 Year Onsite Warranty"
HP Pavilion x360 Core i3 10th Gen - (8 GB/512 GB SSD/Windows 10 Home) 14-dh1502TU 2 in 1 Laptop,"₹50,490","Intel Core i3 Processor (10th Gen)8 GB DDR4 RAM64 bit Windows 10 Operating System512 GB SSD35.56 cm (14 inch) Touchscreen DisplayMicrosoft Office Home and Student 2019, HP Audio Switch, HP ePrint, Dropbox, Productivity, HP Connection Optimizer, HP Support Assistant, HP Recovery Manager, HP Documentation, HP System Event Utility, HP Jumpstart1 Year Manufacturer Warranty on the Device from the Date of Purchase"
HP Pavilion x360 Core i5 11th Gen - (8 GB/512 GB SSD/Windows 10 Home) 14-dw1038TU 2 in 1 Laptop,"₹78,900","Intel Core i5 Processor (11th Gen)8 GB DDR4 RAM64 bit Windows 10 Operating System512 GB SSD35.56 cm (14 inch) Touchscreen DisplayHP Audio Switch, HP ePrint, Dropbox, HP Connection Optimizer, HP Support Assistant, HP Recovery Manager, HP Documentation, HP System Event Utility, HP Jumpstart, Microsoft Office Home and Student 20191 Year Onsite Warranty"
HP Pavilion x360 Core i3 11th Gen - (8 GB/512 GB SSD/Windows 10 Home) 14-dw1037TU 2 in 1 Laptop,"₹65,900","Intel Core i3 Processor (11th Gen)8 GB DDR4 RAM64 bit Windows 10 Operating System512 GB SSD35.56 cm (14 inch) Touchscreen DisplayMicrosoft Office Home and Student 2019, HP Documentation, HP Audio Switch, HP ePrint, Dropbox, HP Connection Optimizer, HP Support Assistant, HP Recovery Manager, HP System Event Utility, HP Jumpstart1 Year Onsite Warranty"
HP Pavilion x360 Core i3 8th Gen - (4 GB/256 GB SSD/Windows 10 Home) 14-dh0101TU 2 in 1 Laptop,"₹54,238","Intel Core i3 Processor (8th Gen)4 GB DDR4 RAM64 bit Windows 10 Operating System256 GB SSD35.56 cm (14 inch) Touchscreen DisplayHP Audio Switch, HP Support Assistant, Microsoft Office Home and Student 20191 Year Onsite Warranty"
HP HP Pavilion Core i5 11th Gen - (16 GB/512 GB SSD/Windows 10 Home) 14-dv0055TU Thin and Light Laptop,"₹65,990","Intel Core i5 Processor (11th Gen)16 GB DDR4 RAM64 bit Windows 10 Operating System512 GB SSD35.56 cm (14 inches) DisplayMicrosoft Office Home & Student 2019, HP Documentation, HP BIOS Recovery, HP Smart1 Year Onsite Warranty"
